Date,Open,High,Low,Close,Volume,Dividends,Stock Splits,MA_10,MA_20,RSI,Daily_Return,Log_Return,Rolling_Volatility,Momentum,lag_1,lag_2,lag_3,lag_4,lag_5
2025-04-08 00:00:00-04:00,185.88983084847527,189.51403482217904,168.47573669018362,171.6717987060547,120859500,0.0,0.0,206.89228057861328,210.92420501708983,22.80924010137197,-0.04981809555074146,-0.051101834349552816,0.031542300093394995,-51.10722351074219,180.6725616455078,187.56253051757812,202.30825805664062,222.91842651367188,222.22145080566406
2025-04-09 00:00:00-04:00,171.20381523449285,199.7394480269994,171.14407803694525,197.98709106445312,184395900,0.0,0.0,204.63412170410157,210.021639251709,42.670379623462814,0.15328838258086197,0.142617325001121,0.04848772006488321,-22.581588745117188,171.6717987060547,180.6725616455078,187.56253051757812,202.30825805664062,222.91842651367188
2025-04-10 00:00:00-04:00,188.24954112448538,193.93475416517637,182.20587449762067,189.5936737060547,121880000,0.0,0.0,201.30562744140624,209.0628189086914,37.1409967489809,-0.042393760690519144,-0.043318609189966585,0.04881458020265973,-33.284942626953125,197.98709106445312,171.6717987060547,180.6725616455078,187.56253051757812,202.30825805664062
2025-04-11 00:00:00-04:00,185.29243322025624,198.67409816298056,185.25259829067514,197.29013061523438,87435900,0.0,0.0,199.33919830322264,208.29914779663085,40.05811630251084,0.04059448165508006,0.039792166818567336,0.049594818768934935,-19.664291381835938,189.5936737060547,197.98709106445312,171.6717987060547,180.6725616455078,187.56253051757812
2025-04-14 00:00:00-04:00,210.52244846919626,212.01593914767514,200.28706023476008,201.6411590576172,101352900,0.0,0.0,197.38670806884767,207.7276382446289,40.76233595921291,0.022053958952809483,0.021814287797572524,0.04989268933587915,-19.52490234375,197.29013061523438,189.5936737060547,197.98709106445312,171.6717987060547,180.6725616455078
2025-04-15 00:00:00-04:00,200.98403365195668,202.62686743682656,198.93297540670014,201.2628173828125,51343900,0.0,0.0,195.2908447265625,207.20242767333986,41.42566065017376,-0.0018763117439558608,-0.001878074221819785,0.049881483454154725,-20.958633422851562,201.6411590576172,197.29013061523438,189.5936737060547,197.98709106445312,171.6717987060547
2025-04-16 00:00:00-04:00,197.49920369317184,199.8290454554037,191.53519224238798,193.4269561767578,59732400,0.0,0.0,192.3416976928711,206.15847702026366,37.53160147924896,-0.03893347667468283,-0.03971164938442461,0.050458871273648946,-29.491470336914062,201.2628173828125,201.6411590576172,197.29013061523438,189.5936737060547,197.98709106445312
2025-04-17 00:00:00-04:00,196.34426016251078,197.96719174329118,193.5763250102755,196.12521362304688,52164700,0.0,0.0,191.72339324951173,205.30619201660156,40.93430644136613,0.013949748781774352,0.013853346526558471,0.05061486157352539,-6.18304443359375,193.4269561767578,201.2628173828125,201.6411590576172,197.29013061523438,189.5936737060547
2025-04-21 00:00:00-04:00,192.43130060162235,192.958999427942,188.98630873883343,192.32177734375,46742500,0.0,0.0,192.1993179321289,204.0561393737793,37.401061080299236,-0.019392898082992494,-0.019583407371275747,0.05045339950605385,4.759246826171875,196.12521362304688,193.4269561767578,201.2628173828125,201.6411590576172,197.29013061523438
2025-04-22 00:00:00-04:00,195.26892870764283,200.7151927551101,195.11958571249494,198.87322998046875,52976400,0.0,0.0,194.019384765625,203.01119384765624,40.26891059424202,0.0340650587115201,0.03349769355710467,0.05109176731232661,18.200668334960938,192.32177734375,196.12521362304688,193.4269561767578,201.2628173828125,201.6411590576172
2025-04-23 00:00:00-04:00,205.1060461943045,207.0973670311424,201.9199358938783,203.71212768554688,52929200,0.0,0.0,197.22341766357422,202.05784912109374,42.26233068407984,0.02433156893742483,0.024040271996578873,0.051338220496865546,32.04032897949219,198.87322998046875,192.32177734375,196.12521362304688,193.4269561767578,201.2628173828125
2025-04-24 00:00:00-04:00,204.00086522918792,207.92376976062596,202.05933042602183,207.46575927734375,47311000,0.0,0.0,198.1712844848633,201.40270309448243,52.40437268865037,0.018426156726373488,0.018258452069457937,0.051535157004356916,9.478668212890625,203.71212768554688,198.87322998046875,192.32177734375,196.12521362304688,193.4269561767578
2025-04-25 00:00:00-04:00,205.47445049920006,208.8397878176709,205.30519003897632,208.371826171875,38222300,0.0,0.0,200.04909973144532,200.67736358642577,61.138344822674505,0.004367308117191548,0.0043577991029071644,0.051476505673278855,18.778152465820312,207.46575927734375,203.71212768554688,198.87322998046875,192.32177734375,196.12521362304688
2025-04-28 00:00:00-04:00,209.088696522261,210.5821872117057,206.55972563953335,209.22808837890625,38743100,0.0,0.0,201.2428955078125,200.2910469055176,66.3400088116943,0.004109299336489736,0.0041008792252610615,0.051165895575823246,11.937957763671875,208.371826171875,207.46575927734375,203.71212768554688,198.87322998046875,192.32177734375
2025-04-29 00:00:00-04:00,207.7844034400983,211.31900144522857,207.46578477039023,210.29347229003906,36827600,0.0,0.0,202.10812683105468,199.74741744995117,74.30754828454364,0.005091973641719871,0.005079053385112603,0.050970936841435444,8.652313232421875,209.22808837890625,208.371826171875,207.46575927734375,203.71212768554688,198.87322998046875
2025-04-30 00:00:00-04:00,208.39173986928208,212.65316547487808,205.7731479657814,211.57785034179688,52286500,0.0,0.0,203.13963012695314,199.21523742675782,62.488551604850464,0.006107550737411316,0.006088975244878472,0.05098020605523159,10.315032958984375,210.29347229003906,209.22808837890625,208.371826171875,207.46575927734375,203.71212768554688
2025-05-01 00:00:00-04:00,208.1726964341785,213.62891164873253,207.99346964638974,212.39430236816406,57365700,0.0,0.0,205.03636474609374,198.68903121948242,74.34097056203774,0.003858872869008989,0.003851446517865031,0.050983732497219776,18.96734619140625,211.57785034179688,210.29347229003906,209.22808837890625,208.371826171875,207.46575927734375
2025-05-02 00:00:00-04:00,205.19567188008233,206.0917754590827,201.2827333487594,204.45889282226562,101010600,0.0,0.0,205.86973266601564,198.79656295776368,57.61421517241916,-0.03736168747193236,-0.038077521816382055,0.04713757398119735,8.33367919921875,212.39430236816406,211.57785034179688,210.29347229003906,209.22808837890625,208.371826171875
2025-05-05 00:00:00-04:00,202.21865389928206,203.21431440062256,197.34987465543003,198.02691650390625,69018500,0.0,0.0,206.44024658203125,199.31978225708008,46.32368713089501,-0.03145853051229541,-0.031963978788773405,0.04453296730447418,5.70513916015625,204.45889282226562,212.39430236816406,211.57785034179688,210.29347229003906,209.22808837890625
2025-05-06 00:00:00-04:00,197.3498735756035,199.77927242381972,196.16503515467957,197.6485595703125,51216500,0.0,0.0,206.31777954101562,200.1685821533203,46.32367275124818,-0.0019106338687361335,-0.0019124614578998429,0.04354213969147632,-1.22467041015625,198.02691650390625,204.45889282226562,212.39430236816406,211.57785034179688,210.29347229003906
2025-05-07 00:00:00-04:00,198.30568786560423,198.5745204381265,192.4113798882551,195.3983612060547,68536700,0.0,0.0,205.4864028930664,201.35491027832032,52.26233393826604,-0.011384845754250583,-0.011450149230458674,0.041791928741223894,-8.313766479492188,197.6485595703125,198.02691650390625,204.45889282226562,212.39430236816406,211.57785034179688
2025-05-08 00:00:00-04:00,196.86199326420865,199.18188402861682,193.83517686729027,196.63299560546875,50478900,0.0,0.0,204.40312652587892,201.2872055053711,50.60297286386562,0.006318550430994163,0.006298672082177023,0.0238263616244747,-10.832763671875,195.3983612060547,197.6485595703125,198.02691650390625,204.45889282226562,212.39430236816406
2025-05-09 00:00:00-04:00,198.13644922219603,199.66975978270045,196.68277813613466,197.66848754882812,36453900,0.0,0.0,203.33279266357422,201.69094619750976,56.79575686534316,0.005266114876452566,0.0052522973819535855,0.021655185534205958,-10.703338623046875,196.63299560546875,195.3983612060547,197.6485595703125,198.02691650390625,204.45889282226562
2025-05-12 00:00:00-04:00,210.32994399020487,210.62903686932515,206.12274573806786,210.15048217773438,63775800,0.26,0.0,203.42503204345704,202.33396377563477,62.45578506908889,0.0631461027687732,0.06123253372409365,0.024192044184307822,0.922393798828125,197.66848754882812,196.63299560546875,195.3983612060547,197.6485595703125,198.02691650390625
2025-05-13 00:00:00-04:00,209.79158118866218,212.75257189298435,208.36592688565332,212.28399658203125,51909300,0.0,0.0,203.62408447265625,202.86610565185546,60.06944718292945,0.010152317435524472,0.010101128824685867,0.02385405982466167,1.9905242919921875,210.15048217773438,197.66848754882812,196.63299560546875,195.3983612060547,197.6485595703125
2025-05-14 00:00:00-04:00,211.78550901932945,213.29093762104833,209.94113079478424,211.68582153320312,49325800,0.0,0.0,203.63488159179687,203.387255859375,55.354281744959266,-0.0028178056681582575,-0.0028217831561660077,0.02386479115604015,0.10797119140625,212.28399658203125,210.15048217773438,197.66848754882812,196.63299560546875,195.3983612060547
2025-05-15 00:00:00-04:00,210.31001909194578,212.31393091132972,208.90429308394448,210.80850219726562,45029500,0.0,0.0,203.47630157470704,204.2563331604004,53.09383449486938,-0.0041444407073805145,-0.004153052704613105,0.02184551759636194,-1.5858001708984375,211.68582153320312,212.28399658203125,210.15048217773438,197.66848754882812,196.63299560546875
2025-05-16 00:00:00-04:00,211.71574852428404,211.9251181254035,209.13360964796243,210.61907958984375,54737900,0.0,0.0,204.09232025146486,204.98102645874025,51.79655635069663,-0.0008985529779279577,-0.0008989569186479148,0.021760899161433353,6.160186767578125,210.80850219726562,211.68582153320312,212.28399658203125,210.15048217773438,197.66848754882812
2025-05-19 00:00:00-04:00,207.27923550566183,208.84446444770495,203.64029993754312,208.14659118652344,46140500,0.0,0.0,205.10428771972656,205.77226715087892,47.32441280770641,-0.011739147318159393,-0.011808595148625234,0.021395919265584925,10.119674682617188,210.61907958984375,210.80850219726562,211.68582153320312,212.28399658203125,210.15048217773438
2025-05-20 00:00:00-04:00,207.03996203611737,207.83753801206538,204.40797196423648,206.232421875,42496600,0.0,0.0,205.96267395019532,206.14022674560547,43.44112821027453,-0.009196255872420789,-0.009238802480674083,0.02037778565995491,8.5838623046875,208.14659118652344,210.61907958984375,210.80850219726562,211.68582153320312,212.28399658203125
2025-05-21 00:00:00-04:00,204.54755595275296,206.4118779017609,200.10109516487896,201.47689819335938,59211800,0.0,0.0,206.57052764892578,206.0284652709961,37.78504375806881,-0.023059049776969598,-0.02332906866046245,0.0204012938186516,6.0785369873046875,206.232421875,208.14659118652344,210.61907958984375,210.80850219726562,211.68582153320312
2025-05-22 00:00:00-04:00,200.1010930441042,202.13489740214874,199.0941474443519,200.74911499023438,46742400,0.0,0.0,206.98213958740234,205.69263305664063,45.051128540709456,-0.003612241451258269,-0.003618781349286485,0.019922979822430704,4.116119384765625,201.47689819335938,206.232421875,208.14659118652344,210.61907958984375,210.80850219726562
2025-05-23 00:00:00-04:00,193.08241474951325,197.10018674879547,192.87306039619787,194.6775665283203,78432900,0.0,0.0,206.68304748535155,205.0079200744629,45.48855877145783,-0.03024445941995524,-0.03071125926766296,0.02087101620068009,-2.9909210205078125,200.74911499023438,201.47689819335938,206.232421875,208.14659118652344,210.61907958984375
2025-05-27 00:00:00-04:00,197.6983910952664,200.1309909415137,196.83102019804124,199.60260009765625,56288500,0.0,0.0,205.62825927734374,204.5266456604004,52.344813140035484,0.025298413459567737,0.02498370530128218,0.021779032670675273,-10.547882080078125,194.6775665283203,200.74911499023438,201.47689819335938,206.232421875,208.14659118652344
2025-05-28 00:00:00-04:00,199.98144837254895,202.11495545301858,199.29353925378823,199.8119659423828,45339700,0.0,0.0,204.3810562133789,204.00257034301757,55.569011459552705,0.001048913414074315,0.0010483636887751138,0.021727178273264112,-12.472030639648438,199.60260009765625,194.6775665283203,200.74911499023438,201.47689819335938,206.232421875
2025-05-29 00:00:00-04:00,202.96236033905296,203.19165828241367,197.90773491315443,199.34336853027344,51396800,0.0,0.0,203.14681091308594,203.3908462524414,53.48731740012887,-0.0023451919403290056,-0.0023479462099841204,0.021636402946851176,-12.342453002929688,199.8119659423828,199.60260009765625,194.6775665283203,200.74911499023438,201.47689819335938
2025-05-30 00:00:00-04:00,198.7651407343476,201.3472946799051,196.18300200128658,200.24066162109375,70819900,0.0,0.0,202.09002685546875,202.78316421508788,53.321314576191035,0.004501243745582917,0.004491143445886329,0.021647210574919452,-10.567840576171875,199.34336853027344,199.8119659423828,199.60260009765625,194.6775665283203,200.74911499023438
2025-06-02 00:00:00-04:00,199.67238359256916,201.51677709467234,199.51286535414474,201.08807373046875,35423300,0.0,0.0,201.13692626953124,202.61462326049804,33.27206379392706,0.004231968185255619,0.004223038592199533,0.020085849744461964,-9.531005859375,200.24066162109375,199.34336853027344,199.8119659423828,199.60260009765625,194.6775665283203
2025-06-03 00:00:00-04:00,200.73914706631285,203.1518034040851,200.35033086337637,202.6533203125,46381600,0.0,0.0,200.5875991821289,202.84594345092773,31.842190964882107,0.007783885702387527,0.00775374755762891,0.01879215125635795,-5.4932708740234375,201.08807373046875,200.24066162109375,199.34336853027344,199.8119659423828,199.60260009765625
2025-06-04 00:00:00-04:00,202.29440469878628,205.6143037964219,201.48686455307688,202.20468139648438,43604000,0.0,0.0,200.18482513427733,203.07374954223633,32.022759282340786,-0.002213824650510565,-0.002216278782983811,0.018795016414149723,-4.027740478515625,202.6533203125,201.08807373046875,200.24066162109375,199.34336853027344,199.8119659423828
2025-06-05 00:00:00-04:00,202.8826044104843,204.12881205428334,199.54276184010462,200.0213165283203,55126100,0.0,0.0,200.03926696777344,203.3048973083496,30.511581697097796,-0.010797795842732771,-0.01085651511529286,0.01877460341762757,-1.4555816650390625,202.20468139648438,202.6533203125,201.08807373046875,200.24066162109375,199.34336853027344
2025-06-06 00:00:00-04:00,202.3841235560851,205.07592905349443,201.4370087789868,203.30133056640625,46607700,0.0,0.0,200.29448852539062,203.6383140563965,38.107594459587595,0.01639832241390904,0.01626532194490758,0.019048743816225754,2.552215576171875,200.0213165283203,202.20468139648438,202.6533203125,201.08807373046875,200.24066162109375
2025-06-09 00:00:00-04:00,203.76990423179717,205.3750202901374,199.41316716451473,200.8388214111328,72862600,0.0,0.0,200.91061401367188,203.7968307495117,38.11995884222423,-0.012112607174841306,-0.012186562603219835,0.019279116148844585,6.1612548828125,203.30133056640625,200.0213165283203,202.20468139648438,202.6533203125,201.08807373046875
2025-06-10 00:00:00-04:00,199.99141796230995,203.73004106569937,199.96151019448254,202.0551300048828,54672600,0.0,0.0,201.15586700439454,203.39206314086914,43.051428913718965,0.006056142857262303,0.006037878129545515,0.012688421231326321,2.4525299072265625,200.8388214111328,203.30133056640625,200.0213165283203,202.20468139648438,202.6533203125
2025-06-11 00:00:00-04:00,202.88260699920767,203.8795731269679,197.80805305990708,198.1769256591797,60989900,0.0,0.0,200.99236297607422,202.68670959472655,44.345744961768474,-0.019193793028711492,-0.01938038534214743,0.012917822035308174,-1.635040283203125,202.0551300048828,200.8388214111328,203.30133056640625,200.0213165283203,202.20468139648438
2025-06-12 00:00:00-04:00,198.47602627663701,199.07419684911244,196.7612432530472,198.5956573486328,43904600,0.0,0.0,200.91759185791017,202.03220138549804,46.27071626114526,0.0021129184846335747,0.0021106894117195567,0.012975492669441516,-0.747711181640625,198.1769256591797,202.0551300048828,200.8388214111328,203.30133056640625,200.0213165283203
2025-06-13 00:00:00-04:00,199.12405177447246,199.76210952406473,195.1062792678608,195.85400390625,51447300,0.0,0.0,200.4789260864258,201.28447647094725,52.302913178151016,-0.013805203391582088,-0.013901381409216582,0.013194152420978303,-4.38665771484375,198.5956573486328,198.1769256591797,202.0551300048828,200.8388214111328,203.30133056640625
2025-06-16 00:00:00-04:00,196.701426450214,198.08720880439395,195.96366601516638,197.81802368164062,43020700,0.0,0.0,200.15192108154298,200.6444236755371,46.04856300324619,0.010027978679112204,0.009978032131971447,0.013533289467024315,-3.270050048828125,195.85400390625,198.5956573486328,198.1769256591797,202.0551300048828,200.8388214111328
2025-06-17 00:00:00-04:00,196.60172782081946,197.7881200100286,194.61777485692886,195.0464630126953,38856200,0.0,0.0,199.3912353515625,199.9894172668457,40.523410494426535,-0.014010657964138473,-0.014109733732180564,0.013619369249797522,-7.6068572998046875,197.81802368164062,195.85400390625,198.5956573486328,198.1769256591797,202.0551300048828
2025-06-18 00:00:00-04:00,195.34553910938874,196.97059871241268,194.4781834746436,195.9835968017578,45394700,0.0,0.0,198.76912689208984,199.4769760131836,43.441043685069054,0.004804669485349855,0.004793163899890253,0.01365237446214247,-6.2210845947265625,195.0464630126953,197.81802368164062,195.85400390625,198.5956573486328,198.1769256591797
2025-06-20 00:00:00-04:00,197.63859168364695,201.0880863339216,196.26277341287403,200.3902130126953,96813500,0.0,0.0,198.80601654052734,199.4226417541504,50.256772199752575,0.022484617502937843,0.022235564814750797,0.01383215917448108,0.368896484375,195.9835968017578,195.0464630126953,197.81802368164062,195.85400390625,198.5956573486328
2025-06-23 00:00:00-04:00,201.01828233775666,201.686247808318,198.3563846401482,200.888671875,55814300,0.0,0.0,198.56475067138672,199.42961959838868,49.65348487934019,0.002487441151994396,0.0024843525909344025,0.01381972363127935,-2.41265869140625,200.3902130126953,195.9835968017578,195.0464630126953,197.81802368164062,195.85400390625
2025-06-24 00:00:00-04:00,201.9753521214132,202.82277936444737,199.59260382672892,199.6923065185547,54064000,0.0,0.0,198.4500991821289,199.68035659790038,44.78760454848003,-0.0059553649555199595,-0.005973168862430719,0.011951321660873593,-1.146514892578125,200.888671875,200.3902130126953,195.9835968017578,195.0464630126953,197.81802368164062
2025-06-25 00:00:00-04:00,200.83881944772682,203.052085424857,200.01133575244882,200.948486328125,39525700,0.0,0.0,198.3394348144531,199.74765090942384,47.849799935227075,0.00629057689537782,0.006270873802582309,0.010628386492456425,-1.1066436767578125,199.6923065185547,200.888671875,200.3902130126953,195.9835968017578,195.0464630126953
2025-06-26 00:00:00-04:00,200.81890119127095,202.02523702778157,198.85489170599743,200.3902130126953,50799100,0.0,0.0,198.56076354980468,199.77656326293945,50.668629188474,-0.002778191195320079,-0.0027820575310859453,0.010650322744625013,2.213287353515625,200.948486328125,199.6923065185547,200.888671875,200.3902130126953,195.9835968017578
2025-06-27 00:00:00-04:00,201.27751091280393,202.6034778198992,199.39324535272064,200.469970703125,73188600,0.0,0.0,198.7481948852539,199.83289337158203,44.19464804842612,0.00039801190502575245,0.0003979327192980262,0.010633492471317608,1.8743133544921875,200.3902130126953,200.948486328125,199.6923065185547,200.888671875,200.3902130126953
2025-06-30 00:00:00-04:00,201.39711462840114,206.76079706763053,198.65545787730727,204.5475311279297,91912800,0.0,0.0,199.61754760742187,200.04823684692383,57.13190805110358,0.02034000608920694,0.02013591105412152,0.011513459097207256,8.693527221679688,200.469970703125,200.3902130126953,200.948486328125,199.6923065185547,200.888671875
2025-07-01 00:00:00-04:00,206.04299395149746,209.55231908550664,205.51460310500556,207.18951416015625,78788900,0.0,0.0,200.55469665527343,200.3533088684082,59.36026188604463,0.012916230362977066,0.012833527240028552,0.011796969879108027,9.371490478515625,204.5475311279297,200.469970703125,200.3902130126953,200.948486328125,199.6923065185547
2025-07-02 00:00:00-04:00,208.2761972389462,212.69274987948137,207.5085290616707,211.7954864501953,67941800,0.0,0.0,202.22959899902344,200.81041717529297,74.1856076413541,0.02223072103194701,0.021987220737205337,0.012612148844386894,16.7490234375,207.18951416015625,204.5475311279297,200.469970703125,200.3902130126953,200.948486328125
2025-07-03 00:00:00-04:00,211.50635319299207,213.99876845669687,211.16738836812712,212.90211486816406,34955800,0.0,0.0,203.92145080566405,201.34528884887695,74.80129086869114,0.005224985841371987,0.005211382965499187,0.012582175569693845,16.91851806640625,211.7954864501953,207.18951416015625,204.5475311279297,200.469970703125,200.3902130126953
2025-07-07 00:00:00-04:00,212.03476276559877,215.57399579559095,208.16654427869605,209.31304931640625,50229000,0.0,0.0,204.81373443603516,201.80987548828125,72.6662815510429,-0.016857820101882415,-0.017001530537160636,0.012989589873385606,8.922836303710938,212.90211486816406,211.7954864501953,207.18951416015625,204.5475311279297,200.469970703125
2025-07-08 00:00:00-04:00,209.46258702266434,210.78853856973336,207.81758380403343,209.3728485107422,42848900,0.0,0.0,205.6621520996094,202.11345138549805,70.79301306302621,0.00028569262418765007,0.0002856518218209976,0.012565365215594728,8.484176635742188,209.31304931640625,212.90211486816406,211.7954864501953,207.18951416015625,204.5475311279297
2025-07-09 00:00:00-04:00,208.8943192909964,210.6888614301138,206.59132988433592,210.4994354248047,48749400,0.0,0.0,206.74286499023438,202.59648208618165,79.5576650073316,0.005380768910944633,0.005366344294458053,0.012166997089533305,10.80712890625,209.3728485107422,209.31304931640625,212.90211486816406,211.7954864501953,207.18951416015625
2025-07-10 00:00:00-04:00,209.87133445003573,212.83232507172787,209.39279496736208,211.7655792236328,44443600,0.0,0.0,207.82457427978517,203.08200454711914,79.81175974146508,0.006014951043801897,0.0059969334396774284,0.012166353002631395,10.817092895507812,210.4994354248047,209.3728485107422,209.31304931640625,212.90211486816406,211.7954864501953
2025-07-11 00:00:00-04:00,209.931172276849,211.48643705736623,209.2233196075129,210.51937866210938,39765800,0.0,0.0,208.83749084472657,203.69912719726562,71.72803727733529,-0.00588481171535149,-0.005902195453381596,0.011251531137010154,10.129165649414062,211.7655792236328,210.4994354248047,209.3728485107422,209.31304931640625,212.90211486816406
2025-07-14 00:00:00-04:00,209.29308368901172,210.27012140888866,206.9103353456299,207.987060546875,38840100,0.0,0.0,209.58919982910157,204.16869735717773,64.0047252400552,-0.012028907416161583,-0.012101840180690205,0.011749218191590307,7.51708984375,210.51937866210938,211.7655792236328,210.4994354248047,209.3728485107422,209.31304931640625
2025-07-15 00:00:00-04:00,208.5852528191871,211.24715053377864,208.28615994072268,208.4755859375,42296300,0.0,0.0,209.98200531005858,204.79977645874024,67.8268345391919,0.0023488258805162143,0.0023460717008902156,0.011116337859718684,3.9280548095703125,207.987060546875,210.51937866210938,211.7655792236328,210.4994354248047,209.3728485107422
2025-07-16 00:00:00-04:00,209.6619745482938,211.75559423754484,208.00700716596054,209.52239990234375,47490500,0.0,0.0,210.21529388427734,205.3849952697754,67.55106018523725,0.0050212784395655685,0.005008713863585393,0.011010015691467997,2.3328857421875,208.4755859375,207.987060546875,210.51937866210938,211.7655792236328,210.4994354248047
2025-07-17 00:00:00-04:00,209.93116216460888,211.15742622671814,208.95412441878605,209.38282775878906,48068100,0.0,0.0,209.97402801513672,206.10181350708007,68.72920795414532,-0.0006661442577010623,-0.000666366230369783,0.010311159512047785,-2.41265869140625,209.52239990234375,208.4755859375,207.987060546875,210.51937866210938,211.7655792236328
2025-07-18 00:00:00-04:00,210.23024956462245,211.1474566075158,209.06380098140497,210.539306640625,48974600,0.0,0.0,209.7377471923828,206.82959899902343,70.07151364878987,0.005523274731814354,0.00550807738367113,0.010316818159910337,-2.3628082275390625,209.38282775878906,209.52239990234375,208.4755859375,207.987060546875,210.51937866210938
2025-07-21 00:00:00-04:00,211.45652088357517,215.12534891613055,210.98794558852114,211.83535766601562,51377400,0.0,0.0,209.98997802734374,207.40185623168946,66.33885082919801,0.006155862513610666,0.006136992592796734,0.009347494990756018,2.522308349609375,210.539306640625,209.38282775878906,209.52239990234375,208.4755859375,207.987060546875
2025-07-22 00:00:00-04:00,212.49335516085276,214.29786137817433,211.58611235366487,213.74952697753906,46404100,0.0,0.0,210.42764587402343,208.0448989868164,65.20328595829253,0.009036118108957769,0.008995536676261068,0.009449287990938518,4.376678466796875,211.83535766601562,210.539306640625,209.38282775878906,209.52239990234375,208.4755859375
2025-07-23 00:00:00-04:00,214.3477172095632,214.4972560435483,211.76557859278188,213.5002899169922,46989300,0.0,0.0,210.72773132324218,208.73529815673828,54.950760919271296,-0.0011660239162684105,-0.001166704251064248,0.009265292377591256,3.0008544921875,213.74952697753906,211.83535766601562,210.539306640625,209.38282775878906,209.52239990234375
2025-07-24 00:00:00-04:00,213.25105536667797,215.03563331063384,212.8821827557749,213.11148071289062,46022600,0.0,0.0,210.86232147216796,209.34344787597655,50.634450754580705,-0.0018211179209767225,-0.0018227781721994732,0.009309044271241613,1.3459014892578125,213.5002899169922,213.74952697753906,211.83535766601562,210.539306640625,209.38282775878906
2025-07-25 00:00:00-04:00,214.0486138925591,214.58698409364732,212.75255494872997,213.23110961914062,40268800,0.0,0.0,211.13349456787108,209.98549270629883,65.03438116249549,0.0005613442591165807,0.0005611867643643862,0.009229867674528297,2.71173095703125,213.11148071289062,213.5002899169922,213.74952697753906,211.83535766601562,210.539306640625
2025-07-28 00:00:00-04:00,213.38067592321022,214.1981955143971,212.41361748607306,213.40061950683594,37858000,0.0,0.0,211.6748504638672,210.63202514648438,65.32632097228577,0.0007949585217563726,0.0007946427095913475,0.009224061972686713,5.4135589599609375,213.23110961914062,213.11148071289062,213.5002899169922,213.74952697753906,211.83535766601562
2025-07-29 00:00:00-04:00,213.53020352524888,214.1582970701604,210.18041185237743,210.62904357910156,51411700,0.0,0.0,211.89019622802735,210.93610076904298,50.43830860558624,-0.012987665800312187,-0.013072742970519372,0.008965845739238068,2.1534576416015625,213.40061950683594,213.23110961914062,213.11148071289062,213.5002899169922,213.74952697753906
2025-07-30 00:00:00-04:00,211.2571312800854,211.74565019362484,207.08981987426867,208.41578674316406,45512500,0.0,0.0,211.77953491210937,210.99741439819337,39.353670435742394,-0.010507842595346095,-0.010563439787344572,0.00892647839177455,-1.1066131591796875,210.62904357910156,213.40061950683594,213.23110961914062,213.11148071289062,213.5002899169922
2025-07-31 00:00:00-04:00,207.85746883247032,209.2033639475293,206.5315020865265,206.9402618408203,80698400,0.0,0.0,211.5352783203125,210.7546531677246,38.78826175779193,-0.0070797175463588324,-0.007104897662415208,0.007421295351543833,-2.44256591796875,208.41578674316406,210.62904357910156,213.40061950683594,213.23110961914062,213.11148071289062
2025-08-01 00:00:00-04:00,210.23023901853355,212.93202387361222,200.88867142379772,201.76600646972656,104434500,0.0,0.0,210.65794830322267,210.19784774780274,33.279800655023436,-0.02500361855671096,-0.025321519331393285,0.00897410045704376,-8.773300170898438,206.9402618408203,208.41578674316406,210.62904357910156,213.40061950683594,213.23110961914062
2025-08-04 00:00:00-04:00,203.8895472057539,207.24933356384108,201.06813110178,202.7330780029297,75109300,0.0,0.0,209.74772033691406,209.8688491821289,34.95304084986266,0.004793035011813274,0.004781584991822558,0.008460419364207737,-9.102279663085938,201.76600646972656,206.9402618408203,208.41578674316406,210.62904357910156,213.40061950683594
2025-08-05 00:00:00-04:00,202.78290655256814,204.71702329589334,201.54667827641916,202.3043670654297,44155100,0.0,0.0,208.60320434570312,209.5154251098633,30.45361047959294,-0.0021146570738387327,-0.0021168961182062526,0.008449855374834985,-11.445159912109375,202.7330780029297,201.76600646972656,206.9402618408203,208.41578674316406,210.62904357910156
2025-08-06 00:00:00-04:00,205.00615029681612,214.72657006985978,204.96626313259566,212.60302734375,108483100,0.0,0.0,208.51347808837892,209.62060470581054,55.625207574448254,0.050906762062084,0.04965337441251654,0.014452499929579166,-0.8972625732421875,202.3043670654297,202.7330780029297,201.76600646972656,206.9402618408203,208.41578674316406
2025-08-07 00:00:00-04:00,218.2159523061407,220.1799768073744,215.92292715514498,219.36245727539062,90224800,0.0,0.0,209.1385757446289,210.00044860839844,62.88958497174355,0.03179366736256095,0.031298712343558535,0.01602528389558918,6.2509765625,212.60302734375,202.3043670654297,202.7330780029297,201.76600646972656,206.9402618408203
2025-08-08 00:00:00-04:00,220.16001960779298,230.29916273925562,218.58481138779996,228.6541748046875,113854000,0.0,0.0,210.6808822631836,210.90718841552734,69.9173338074876,0.042357829341927555,0.04148529065897621,0.01826820579177981,15.423065185546875,219.36245727539062,212.60302734375,202.3043670654297,202.7330780029297,201.76600646972656
2025-08-11 00:00:00-04:00,227.48640043221798,229.12327986736793,224.3324083989562,226.747802734375,61806100,0.26,0.0,212.0156005859375,211.84522552490233,65.39578047663474,-0.008337359560309343,-0.008372309739574823,0.018112569524156,13.347183227539062,228.6541748046875,219.36245727539062,212.60302734375,202.3043670654297,202.7330780029297
2025-08-12 00:00:00-04:00,227.57622481823222,230.36092560837628,226.63802588155738,229.21310424804688,55626200,0.0,0.0,213.87400665283204,212.8821014404297,67.68273270431936,0.010872438382831362,0.010813758371364397,0.018159990115594462,18.584060668945312,226.747802734375,228.6541748046875,219.36245727539062,212.60302734375,202.3043670654297
2025-08-13 00:00:00-04:00,230.6304284784954,234.55294488479396,229.99163136972763,232.88612365722656,69878500,0.0,0.0,216.32104034423827,214.05028762817383,70.72204009802407,0.016024473911425474,0.015897437361664515,0.018329526896604786,24.4703369140625,229.21310424804688,226.747802734375,228.6541748046875,219.36245727539062,212.60302734375
2025-08-14 00:00:00-04:00,233.6147219132583,234.67270293292236,230.41083714463488,232.337158203125,51916300,0.0,0.0,218.86072998046876,215.19800415039063,69.84286512986495,-0.0023572269806403368,-0.002360009613884975,0.01836312822690083,25.396896362304688,232.88612365722656,229.21310424804688,226.747802734375,228.6541748046875,219.36245727539062
2025-08-15 00:00:00-04:00,233.5548328767578,233.834298979768,228.9036945156081,231.1494140625,56038700,0.0,0.0,221.7990707397461,216.22850952148437,68.05147966000953,-0.005112157477567991,-0.005125269260025916,0.018511915028902502,29.383407592773438,232.337158203125,232.88612365722656,229.21310424804688,226.747802734375,228.6541748046875
2025-08-18 00:00:00-04:00,231.25921652669462,232.67651332576617,229.672244959047,230.4507598876953,37476200,0.0,0.0,224.57083892822266,217.15927963256837,71.04721834449987,-0.0030225219373292145,-0.003027098981898543,0.018591187693044214,27.717681884765625,231.1494140625,232.337158203125,232.88612365722656,229.21310424804688,226.747802734375
2025-08-19 00:00:00-04:00,230.84001516813981,232.42698672077375,228.9136940815642,230.1213836669922,39402600,0.0,0.0,227.3525405883789,217.977872467041,74.00806469579166,-0.001429269406026834,-0.001430291785831238,0.018600561738083252,27.8170166015625,230.4507598876953,231.1494140625,232.337158203125,232.88612365722656,229.21310424804688
2025-08-20 00:00:00-04:00,229.54248102593337,230.0315543310328,225.3404986724704,225.5800323486328,42263900,0.0,0.0,228.65024108886718,218.58185958862305,69.30756917101,-0.019734590701623533,-0.01993191816954049,0.019314266442125267,12.977005004882812,230.1213836669922,230.4507598876953,231.1494140625,232.337158203125,232.88612365722656
2025-08-21 00:00:00-04:00,225.83955683035407,226.08908123987146,223.35428822884654,224.47215270996094,30621200,0.0,0.0,229.1612106323242,219.14989318847657,75.683213840668,-0.004911248691371939,-0.00492334850628289,0.019366561645892604,5.1096954345703125,225.5800323486328,230.1213836669922,230.4507598876953,231.1494140625,232.337158203125
2025-08-22 00:00:00-04:00,225.73973438952316,228.65417758009713,224.98118568943215,227.3267059326172,42477800,0.0,0.0,229.0284637451172,219.85467300415038,76.67899947958531,0.012716736522523586,0.012636557853807327,0.01948380245350057,-1.3274688720703125,224.47215270996094,225.5800323486328,230.1213836669922,230.4507598876953,231.1494140625
2025-08-25 00:00:00-04:00,226.04912998143794,228.86377239669042,225.79960559269966,226.72784423828125,30983100,0.0,0.0,229.0264678955078,220.52103424072266,76.39697488537409,-0.002634365777127168,-0.0026378418247804086,0.019522828764248126,-0.01995849609375,227.3267059326172,224.47215270996094,225.5800323486328,230.1213836669922,230.4507598876953
2025-08-26 00:00:00-04:00,226.43840339540802,229.0534295301293,224.26255788237486,228.87376403808594,54575100,0.0,0.0,228.9925338745117,221.4332702636719,71.3475482288237,0.009464738691509877,0.0094202286822618,0.019184909710071012,-0.3393402099609375,226.72784423828125,227.3267059326172,224.47215270996094,225.5800323486328,230.1213836669922
2025-08-27 00:00:00-04:00,228.17510050695543,230.46073738560713,227.82576024347395,230.05152893066406,31259500,0.0,0.0,228.70907440185547,222.5150573730469,66.43083217738156,0.005145914812595631,0.005132719840409774,0.018864158954093574,-2.8345947265625,228.87376403808594,226.72784423828125,227.3267059326172,224.47215270996094,225.5800323486328
2025-08-28 00:00:00-04:00,230.3809040856524,232.9659733126178,228.90370861616245,232.11758422851562,38074700,0.0,0.0,228.68711700439454,223.77392349243163,56.844190618630066,0.008980837064874514,0.008940749184059526,0.018658351371524665,-0.219573974609375,230.05152893066406,228.87376403808594,226.72784423828125,227.3267059326172,224.47215270996094
2025-08-29 00:00:00-04:00,232.0676707602769,232.9360260407387,230.92984008944924,231.69837951660156,39418400,0.0,0.0,228.74201354980468,225.2705421447754,60.39397277020755,-0.0018060015285242814,-0.0018076343154580796,0.017306924743958917,0.5489654541015625,232.11758422851562,230.05152893066406,228.87376403808594,226.72784423828125,227.3267059326172
2025-09-02 00:00:00-04:00,228.81388239599917,230.4108447009183,226.53822101083426,229.28298950195312,44075600,0.0,0.0,228.62523651123047,226.59803771972656,50.147035595455634,-0.010424716908628007,-0.010479434881734952,0.01774181001676194,-1.1677703857421875,231.69837951660156,232.11758422851562,230.05152893066406,228.87376403808594,226.72784423828125
2025-09-03 00:00:00-04:00,236.75874463665696,238.395624134605,233.9141603097862,238.01634216308594,66427800,0.0,0.0,229.41473236083985,228.38363647460938,58.89888199546869,0.03808984120498149,0.0373823332188683,0.018971040550950596,7.89495849609375,229.28298950195312,231.69837951660156,232.11758422851562,230.05152893066406,228.87376403808594
2025-09-04 00:00:00-04:00,237.99636566705198,239.44360411673358,236.28962732845326,239.32383728027344,47549400,0.0,0.0,230.78911285400392,229.71967697143555,61.80836407843858,0.005493299768011717,0.00547826662608221,0.016108481953201047,13.743804931640625,238.01634216308594,229.28298950195312,231.69837951660156,232.11758422851562,230.05152893066406
2025-09-05 00:00:00-04:00,239.54341659874092,240.86091270031892,238.03629475202086,239.2340087890625,54870400,0.0,0.0,232.26529846191406,230.71325454711913,64.19062607467814,-0.0003753428502223377,-0.00037541330898129005,0.014969328084825057,14.761856079101562,239.32383728027344,238.01634216308594,229.28298950195312,231.69837951660156,232.11758422851562
2025-09-08 00:00:00-04:00,238.84475646782593,239.69313028194867,235.89038089866295,237.42745971679688,48999500,0.0,0.0,233.27537384033204,231.15191879272462,61.78752168790556,-0.007551389041256629,-0.00758004513282915,0.012225996289113186,10.100753784179688,239.2340087890625,239.32383728027344,238.01634216308594,229.28298950195312,231.69837951660156
2025-09-09 00:00:00-04:00,236.54912730927947,238.3257397896772,232.9160527142261,233.9041748046875,66313900,0.0,0.0,233.99300689697264,231.50973739624024,55.7686499336129,-0.014839416284502027,-0.0149506219450665,0.012594956159322402,7.17633056640625,237.42745971679688,239.2340087890625,239.32383728027344,238.01634216308594,229.28298950195312
2025-09-10 00:00:00-04:00,231.7482872752143,231.97784546194652,225.52015268533836,226.35855102539062,83440800,0.0,0.0,233.74148559570312,231.36700973510742,51.08756680986798,-0.03225946602106422,-0.032791271045805905,0.01448054535713842,-2.5152130126953125,233.9041748046875,237.42745971679688,239.2340087890625,239.32383728027344,238.01634216308594
2025-09-11 00:00:00-04:00,226.44839058875493,230.01159113632517,226.21881717306923,229.59239196777344,50208600,0.0,0.0,233.69557189941406,231.20232315063475,56.751775469863695,0.014286365271970913,0.014185276809186579,0.014380854978995706,-0.459136962890625,226.35855102539062,233.9041748046875,237.42745971679688,239.2340087890625,239.32383728027344
2025-09-12 00:00:00-04:00,228.78393068206054,234.06386022938602,228.58431421011397,233.6247100830078,55824200,0.0,0.0,233.84628448486328,231.2667007446289,58.05464291485082,0.017562943095258854,0.017410496957209892,0.014932995135282696,1.5071258544921875,229.59239196777344,226.35855102539062,233.9041748046875,237.42745971679688,239.2340087890625
2025-09-15 00:00:00-04:00,236.54912714503797,237.7368657054393,234.58287368836292,236.24969482421875,42699500,0.0,0.0,234.301416015625,231.52171478271484,61.57767168618592,0.01123590368620797,0.011173249798929598,0.015063288806776477,4.5513153076171875,233.6247100830078,229.59239196777344,226.35855102539062,233.9041748046875,237.42745971679688
2025-09-16 00:00:00-04:00,236.72878926810645,240.76111223381088,235.87043992435724,237.6969451904297,63421100,0.0,0.0,235.14281158447267,231.88402404785157,60.9135808434227,0.006125935389198034,0.006107248126145962,0.0150672386091132,8.413955688476562,236.24969482421875,233.6247100830078,229.59239196777344,226.35855102539062,233.9041748046875
2025-09-17 00:00:00-04:00,238.5153883976145,239.6432435766681,237.27774187166392,238.5353546142578,46508000,0.0,0.0,235.19471282958983,232.30472259521486,60.58266759754207,0.003527220020250743,0.003521013968839509,0.01505456367773088,0.519012451171875,237.6969451904297,236.24969482421875,233.6247100830078,229.59239196777344,226.35855102539062
2025-09-18 00:00:00-04:00,239.5134800259323,240.74113579799257,236.199788714976,237.42745971679688,44249600,0.0,0.0,235.00507507324218,232.89709396362304,56.78570927147049,-0.004644573125239804,-0.004655392669439339,0.014270705582313447,-1.8963775634765625,238.5353546142578,237.6969451904297,236.24969482421875,233.6247100830078,229.59239196777344
2025-09-19 00:00:00-04:00,240.77107799962133,245.83144010441063,239.7530294205925,245.032958984375,163741300,0.0,0.0,235.58497009277343,233.92513427734374,64.39654902580982,0.03203293872010393,0.03153058391446455,0.015571011868161884,5.7989501953125,237.42745971679688,238.5353546142578,237.6969451904297,236.24969482421875,233.6247100830078
2025-09-22 00:00:00-04:00,247.82763635806887,256.15178189089505,247.64797087114997,255.5928192138672,105517400,0.0,0.0,237.40150604248046,235.33843994140625,74.15687613990087,0.04309567281585802,0.042192900302590174,0.01774416431571521,18.165359497070312,245.032958984375,237.42745971679688,238.5353546142578,237.6969451904297,236.24969482421875
2025-09-23 00:00:00-04:00,255.39322235208516,256.8504363399061,253.0975947938589,253.9459686279297,60275200,0.0,0.0,239.4056854248047,236.69934616088867,66.81415530115126,-0.006443258425658294,-0.006464105813548765,0.017862047183025722,20.041793823242188,255.5928192138672,245.032958984375,237.42745971679688,238.5353546142578,237.6969451904297
2025-09-24 00:00:00-04:00,254.73446948849343,255.2534845023776,250.56241362070242,251.8300018310547,42303700,0.0,0.0,241.95283050537108,237.8471580505371,62.97908028240922,-0.008332350414175016,-0.00836725849202465,0.018113239288342357,25.471450805664062,253.9459686279297,255.5928192138672,245.032958984375,237.42745971679688,238.5353546142578
2025-09-25 00:00:00-04:00,252.72829161839874,256.6807646844572,251.2311452680336,256.3813171386719,55202100,0.0,0.0,244.63172302246093,239.1636474609375,66.28744573585885,0.018072966979806315,0.01791159235712427,0.018349883933913038,26.788925170898438,251.8300018310547,253.9459686279297,255.5928192138672,245.032958984375,237.42745971679688
2025-09-26 00:00:00-04:00,253.61660096533106,257.10994249251326,253.2972024297037,254.97401428222656,46076300,0.0,0.0,246.76665344238282,240.30646896362305,66.79404619720547,-0.005489100657377954,-0.005504221127631377,0.01849390506871339,21.34930419921875,256.3813171386719,251.8300018310547,253.9459686279297,255.5928192138672,245.032958984375
2025-09-29 00:00:00-04:00,254.0757261912774,254.5148915782133,252.52867184357527,253.9459686279297,40127700,0.0,0.0,248.5362808227539,241.41884841918946,70.14446493802795,-0.004031962461707783,-0.0040401127374681736,0.0185428163088957,17.696273803710938,254.97401428222656,256.3813171386719,251.8300018310547,253.9459686279297,255.5928192138672
2025-09-30 00:00:00-04:00,254.37515755125318,255.4331385813304,252.6284867333586,254.14559936523438,37704300,0.0,0.0,250.18114624023437,242.6619789123535,82.76838720079232,0.0007861150085717306,0.0007858061820065801,0.018226489507384865,16.448654174804688,253.9459686279297,254.97401428222656,256.3813171386719,251.8300018310547,253.9459686279297
2025-10-01 00:00:00-04:00,254.55481135314994,258.29769267334166,254.44502000530687,254.9640350341797,48713900,0.0,0.0,251.82401428222656,243.5093635559082,81.7274314831154,0.0032203416899190263,0.0032151674950933427,0.016513860844595513,16.428680419921875,254.14559936523438,253.9459686279297,254.97401428222656,256.3813171386719,251.8300018310547
2025-10-02 00:00:00-04:00,256.09186667190835,257.68882891050583,253.66649683440303,256.6408386230469,42630200,0.0,0.0,253.74535217285157,244.37521362304688,80.58357545909274,0.00657662791005964,0.006555096245001334,0.016522263381957076,19.21337890625,254.9640350341797,254.14559936523438,253.9459686279297,254.97401428222656,256.3813171386719
2025-10-03 00:00:00-04:00,254.18552630266564,258.7468246365968,253.46689477740222,257.5291442871094,49155600,0.0,0.0,254.994970703125,245.28997039794922,79.64407637138157,0.003461279462880995,0.0034553030219053762,0.01649558965800463,12.496185302734375,256.6408386230469,254.9640350341797,254.14559936523438,253.9459686279297,254.97401428222656
2025-10-06 00:00:00-04:00,257.49917477533796,258.57713717661323,254.56478079871025,256.20166015625,44664100,0.0,0.0,255.05585479736328,246.2286804199219,75.86494456224585,-0.005154694760991507,-0.005168026032186899,0.016417154478809832,0.6088409423828125,257.5291442871094,256.6408386230469,254.9640350341797,254.14559936523438,253.9459686279297
2025-10-07 00:00:00-04:00,256.32145476920215,256.9103287268919,254.94407514023973,255.99209594726562,31955800,0.0,0.0,255.26046752929688,247.33307647705078,74.836754693289,-0.0008179658510275578,-0.0008183005676312295,0.015863053252548845,2.0461273193359375,256.20166015625,257.5291442871094,256.6408386230469,254.9640350341797,254.14559936523438
2025-10-08 00:00:00-04:00,256.03201279963565,258.0282082133661,255.62278908467795,257.569091796875,36496900,0.0,0.0,255.8343765258789,248.893603515625,78.27922868092166,0.0061603302390016434,0.0061414329738929815,0.013274406440653464,5.7390899658203125,255.99209594726562,256.20166015625,257.5291442871094,256.6408386230469,254.9640350341797
2025-10-09 00:00:00-04:00,257.3195337882977,257.50917476461467,252.65841993311406,253.55670166015625,38322000,0.0,0.0,255.55191497802736,250.09181900024413,63.3104650508913,-0.01557791778791151,-0.01570052856314726,0.01401855192025007,-2.824615478515625,257.569091796875,255.99209594726562,256.20166015625,257.5291442871094,256.6408386230469
2025-10-10 00:00:00-04:00,254.45500785015722,255.8922708493858,243.53581752909898,244.80340576171875,61999100,0.0,0.0,254.53485412597655,250.6507537841797,32.14405663841245,-0.034522045132806656,-0.035132010240949876,0.01623757101099402,-10.170608520507812,253.55670166015625,257.569091796875,255.99209594726562,256.20166015625,257.5291442871094
2025-10-13 00:00:00-04:00,248.90558714178317,249.2149949644775,245.09284695690994,247.18885803222656,38142900,0.0,0.0,253.85914306640626,251.19771194458008,39.08417652499206,0.009744359001401026,0.009697188915848344,0.01619854095166843,-6.757110595703125,244.80340576171875,253.55670166015625,257.569091796875,255.99209594726562,256.20166015625
2025-10-14 00:00:00-04:00,246.13087266264282,248.37659224814226,244.23447809703134,247.29864501953125,35478000,0.0,0.0,253.17444763183593,251.67779693603515,42.17241886482716,0.0004441421356069508,0.00044404353368307243,0.016179374675852027,-6.846954345703125,247.18885803222656,244.80340576171875,253.55670166015625,257.569091796875,255.99209594726562
2025-10-15 00:00:00-04:00,249.01538540478128,251.3409547309234,246.99922390992754,248.86566162109375,33893600,0.0,0.0,252.56461029052736,252.19431228637694,35.5248308987932,0.006336535331355142,0.006316543897858392,0.01620454357873516,-6.0983734130859375,247.29864501953125,247.18885803222656,244.80340576171875,253.55670166015625,257.569091796875
2025-10-16 00:00:00-04:00,247.77774448085987,248.56623493239263,244.66368465033412,246.97926330566406,39777000,0.0,0.0,251.59845275878905,252.67190246582032,34.88110779075525,-0.0075799863393841704,-0.00760886043856255,0.01628333963717315,-9.661575317382812,248.86566162109375,247.29864501953125,247.18885803222656,244.80340576171875,253.55670166015625
2025-10-17 00:00:00-04:00,247.5481624372989,252.89796599708643,246.79958926324147,251.81002807617188,49147000,0.0,0.0,251.02654113769532,253.01075592041016,46.468623751930544,0.01955939420116093,0.01937056750233797,0.015284742283409185,-5.7191162109375,246.97926330566406,248.86566162109375,247.29864501953125,247.18885803222656,244.80340576171875
2025-10-20 00:00:00-04:00,255.4032084113237,263.87706298772724,255.14370850365398,261.7411193847656,90483000,0.0,0.0,251.5804870605469,253.31817092895508,59.50062640234346,0.0394388237214669,0.03868097494530444,0.014773998438694261,5.539459228515625,251.81002807617188,246.97926330566406,248.86566162109375,247.29864501953125,247.18885803222656
2025-10-21 00:00:00-04:00,261.3817895915523,264.7853058703715,261.3318664386604,262.27008056640625,46695900,0.0,0.0,252.20828552246093,253.7343765258789,59.205206496123616,0.002020932679144938,0.0020188933418115364,0.014661540655989121,6.277984619140625,261.7411193847656,251.81002807617188,246.97926330566406,248.86566162109375,247.29864501953125
2025-10-22 00:00:00-04:00,262.15033525743416,262.349966966352,254.94406918261987,257.9583435058594,45015300,0.0,0.0,252.24721069335936,254.04079360961913,51.55662618977052,-0.016440064574789193,-0.016576702058946933,0.015060645670233986,0.389251708984375,262.27008056640625,261.7411193847656,251.81002807617188,246.97926330566406,248.86566162109375
2025-10-23 00:00:00-04:00,259.4454820834593,260.12418111371363,257.51916110368444,259.0861511230469,32754900,0.0,0.0,252.80015563964844,254.1760353088379,51.82924424462108,0.004372053262009956,0.004362523603168023,0.01456138075615734,5.529449462890625,257.9583435058594,262.27008056640625,261.7411193847656,251.81002807617188,246.97926330566406
2025-10-24 00:00:00-04:00,260.69313376057823,263.62754335723145,258.68694768993146,262.3200378417969,38253700,0.0,0.0,254.55181884765625,254.5433364868164,56.87996985657164,0.012481897255921526,0.012404640585310558,0.014717847015236318,17.516632080078125,259.0861511230469,257.9583435058594,262.27008056640625,261.7411193847656,251.81002807617188
2025-10-27 00:00:00-04:00,264.37609822840903,268.60802232244004,264.1465248140549,268.2986145019531,44888200,0.0,0.0,256.6627944946289,255.26096878051757,62.24915298410217,0.022791155068992097,0.022535316635468854,0.015391623525499235,21.109756469726562,262.3200378417969,259.0861511230469,257.9583435058594,262.27008056640625,261.7411193847656
2025-10-28 00:00:00-04:00,268.4782600095115,269.3765722048576,267.63986169210665,268.4882507324219,41534800,0.0,0.0,258.781755065918,255.97810134887695,61.17694356908483,0.0007068103233436318,0.0007065606505676427,0.015392197504072976,21.189605712890625,268.2986145019531,262.3200378417969,259.0861511230469,257.9583435058594,262.27008056640625
2025-10-29 00:00:00-04:00,268.76770579477784,270.8936584399069,266.6018207191691,269.1869201660156,51086700,0.0,0.0,260.81388092041016,256.6892456054687,67.16358540188254,0.0026022346664624774,0.0025988547161788934,0.015392058770031955,20.321258544921875,268.4882507324219,268.2986145019531,262.3200378417969,259.0861511230469,257.9583435058594
2025-10-30 00:00:00-04:00,271.4725408872279,273.6184749716116,267.969239224885,270.8836669921875,69886500,0.0,0.0,263.2043212890625,257.4013870239258,83.89112776897824,0.006303229091240592,0.006283446827328092,0.015388677415465783,23.904403686523438,269.1869201660156,268.4882507324219,268.2986145019531,262.3200378417969,259.0861511230469
2025-10-31 00:00:00-04:00,276.4630533049319,276.79244258078194,268.647962249571,269.85565185546875,86167100,0.0,0.0,265.0088836669922,258.01771240234376,80.53252499242592,-0.003795042898427692,-0.003802262344922466,0.015458060189874476,18.045623779296875,270.8836669921875,269.1869201660156,268.4882507324219,268.2986145019531,262.3200378417969
2025-11-03 00:00:00-05:00,269.90556627002525,270.33474092754267,265.74348587775046,268.53814697265625,50194600,0.0,0.0,265.68858642578124,258.63453674316406,77.70841146498945,-0.004882257880291285,-0.004894215035782787,0.015451121170421082,6.797027587890625,269.85565185546875,270.8836669921875,269.1869201660156,268.4882507324219,268.2986145019531
2025-11-04 00:00:00-05:00,267.8195068636227,270.9734988318123,267.11086611942017,269.5262756347656,49274800,0.0,0.0,266.41420593261716,259.3112457275391,77.36655606973427,0.003679658451690937,0.003672905070218473,0.015433509161695343,7.256195068359375,268.53814697265625,269.85565185546875,270.8836669921875,269.1869201660156,268.4882507324219
2025-11-05 00:00:00-05:00,268.0989800730272,271.18312844251227,266.4221834255846,269.6260986328125,43683100,0.0,0.0,267.5809814453125,259.9140960693359,81.48774399462313,0.0003703646251622672,0.00037029605711407865,0.015419327998075407,11.667755126953125,269.5262756347656,268.53814697265625,269.85565185546875,270.8836669921875,269.1869201660156
2025-11-06 00:00:00-05:00,267.38037702601645,272.8798740142925,267.38037702601645,269.25677490234375,51204000,0.0,0.0,268.59804382324216,260.6990997314453,77.69332941932146,-0.0013697625428008564,-0.0013707015250657905,0.014864639647499876,10.170623779296875,269.6260986328125,269.5262756347656,268.53814697265625,269.85565185546875,270.8836669921875
2025-11-07 00:00:00-05:00,269.28671541495146,271.7719991063764,266.26248096015127,267.9592590332031,48227400,0.0,0.0,269.16196594238284,261.85689239501954,63.59671366264327,-0.0048188791892468386,-0.004830527423589156,0.012140817816739462,5.63922119140625,269.25677490234375,269.6260986328125,269.5262756347656,268.53814697265625,269.85565185546875
2025-11-10 00:00:00-05:00,268.7085692371889,273.4741297822401,267.20997142836535,269.1781311035156,41312400,0.26,0.0,269.2499176025391,262.956356048584,64.66288634016979,0.004548721603090611,0.004538407434672484,0.012080345674292607,0.8795166015625,267.9592590332031,269.25677490234375,269.6260986328125,269.5262756347656,268.53814697265625
2025-11-11 00:00:00-05:00,269.55775905965567,275.65206242273547,269.5477586519058,274.99267578125,46208300,0.0,0.0,269.9003601074219,264.34105758666993,83.98838193476104,0.02160110352909128,0.02137110593244862,0.012634978545407087,6.504425048828125,269.1781311035156,267.9592590332031,269.25677490234375,269.6260986328125,269.5262756347656
2025-11-12 00:00:00-05:00,274.74292397164845,275.4722525277038,271.4460210796085,273.21435546875,48398000,0.0,0.0,270.3031036376953,265.55849227905276,77.47655353249031,-0.0064667915516215535,-0.006487791833362907,0.012906271001531544,4.027435302734375,274.99267578125,269.1781311035156,267.9592590332031,269.25677490234375,269.6260986328125
2025-11-13 00:00:00-05:00,273.85374352181776,276.4413491841305,271.83564282199285,272.6948547363281,49602800,0.0,0.0,270.4842224121094,266.8442718505859,72.55867902843508,-0.0019014401037990014,-0.0019032501358421112,0.01268109950187031,1.811187744140625,273.21435546875,274.99267578125,269.1781311035156,267.9592590332031,269.25677490234375
2025-11-14 00:00:00-05:00,270.7965900477885,275.70200347225597,269.3479639093673,272.15533447265625,47431300,0.0,0.0,270.7141906738281,267.86153717041014,60.98397473226035,-0.00197847614027602,-0.0019804359095259394,0.012291743531652709,2.2996826171875,272.6948547363281,273.21435546875,274.99267578125,269.1781311035156,267.9592590332031
2025-11-17 00:00:00-05:00,268.5687054184609,270.2371271729127,265.48159771217263,267.2099609375,45018300,0.0,0.0,270.5813720703125,268.1349792480469,47.1354027752132,-0.01817114312581336,-0.018338265985077234,0.01009459893908635,-1.32818603515625,272.15533447265625,272.6948547363281,273.21435546875,274.99267578125,269.1781311035156
2025-11-18 00:00:00-05:00,269.7376065335732,270.4569347049811,265.0719890725528,267.19000244140625,45677300,0.0,0.0,270.3477447509766,268.3809753417969,45.38458825603949,-7.469218596389826e-05,-7.469497556412872e-05,0.01009522394740037,-2.336273193359375,267.2099609375,272.15533447265625,272.6948547363281,273.21435546875,274.99267578125
2025-11-19 00:00:00-05:00,265.2817633125939,271.9555110777923,265.2517925781922,268.3089294433594,40424500,0.0,0.0,270.2160278320313,268.89850463867185,43.885781537841645,0.004187757744410714,0.004179013490990589,0.009239498535691342,-1.317169189453125,267.19000244140625,267.2099609375,272.15533447265625,272.6948547363281,273.21435546875
2025-11-20 00:00:00-05:00,270.5768036466949,275.17250947675234,265.67142054546326,266.0010986328125,45823600,0.0,0.0,269.8904602050781,269.24425201416017,41.371102834078904,-0.00860139398019577,-0.008638599469070626,0.009516157136827864,-3.25567626953125,268.3089294433594,267.19000244140625,267.2099609375,272.15533447265625,272.6948547363281
2025-11-21 00:00:00-05:00,265.70137680880595,273.0744516711978,265.4216397990326,271.2361755371094,59030800,0.0,0.0,270.21815185546876,269.69005889892577,55.13857034416779,0.01968065895668869,0.01948949882234899,0.010078474006166292,3.27691650390625,266.0010986328125,268.3089294433594,267.19000244140625,267.2099609375,272.15533447265625
2025-11-24 00:00:00-05:00,270.64675212306133,276.7410558404627,270.64675212306133,275.6620788574219,65585800,0.0,0.0,270.8665466308594,270.05823211669923,60.33294343291897,0.016317525903571717,0.01618582582601152,0.00945054598435622,6.48394775390625,271.2361755371094,266.0010986328125,268.3089294433594,267.19000244140625,267.2099609375
2025-11-25 00:00:00-05:00,275.012667049666,280.1179060838009,274.9926967216935,276.7110900878906,46914200,0.0,0.0,271.03838806152345,270.46937408447263,61.56179127311626,0.0038054245067611348,0.003798202195763628,0.009464026647410364,1.718414306640625,275.6620788574219,271.2361755371094,266.0010986328125,268.3089294433594,267.19000244140625
2025-11-26 00:00:00-05:00,276.70108254872224,279.26868736786383,276.3714044558947,277.29052734375,33431400,0.0,0.0,271.4460052490234,270.8745544433594,63.02075604964359,0.002094015298321983,0.00209182590417099,0.009461739903424363,4.076171875,276.7110900878906,275.6620788574219,271.2361755371094,266.0010986328125,268.3089294433594
2025-11-28 00:00:00-05:00,277.0008150112318,278.73917862681736,275.73198274965245,278.5893249511719,20135600,0.0,0.0,272.0354522705078,271.2598373413086,67.22803206558726,0.0046838874009274,0.004672952133414649,0.009425571402713854,5.89447021484375,277.29052734375,276.7110900878906,275.6620788574219,271.2361755371094,266.0010986328125
2025-12-01 00:00:00-05:00,277.75011957449965,283.1550658399818,275.88187257202503,282.8353576660156,46587700,0.0,0.0,273.10345458984375,271.90882263183596,70.1563431766959,0.01524118957389331,0.015126209461309542,0.009821369913173485,10.680023193359375,278.5893249511719,277.29052734375,276.7110900878906,275.6620788574219,271.2361755371094
2025-12-02 00:00:00-05:00,282.7354345985028,287.1313151163589,282.36578537497866,285.9224548339844,53669500,0.0,0.0,274.9747039794922,272.77803802490234,67.54334317251352,0.010914820528252767,0.010855683796743168,0.009840321124933228,18.712493896484375,282.8353576660156,278.5893249511719,277.29052734375,276.7110900878906,275.6620788574219
2025-12-03 00:00:00-05:00,285.9324708384744,288.35019153510143,283.0351573834178,283.8843688964844,43538700,0.0,0.0,276.644140625,273.4959426879883,66.98475896784197,-0.007128107299873898,-0.007153633631999635,0.010105047119479797,16.694366455078125,285.9224548339844,282.8353576660156,278.5893249511719,277.29052734375,276.7110900878906
2025-12-04 00:00:00-05:00,283.83440686502166,284.46382276925783,278.32954829392816,280.4375915527344,43989100,0.0,0.0,277.8570068359375,274.03651733398436,61.274353837868006,-0.012141483369261685,-0.012215793279375341,0.010627199206282458,12.128662109375,283.8843688964844,285.9224548339844,282.8353576660156,278.5893249511719,277.29052734375
2025-12-05 00:00:00-05:00,280.27774306596746,280.8771882481053,277.79005013345267,278.5193786621094,47265800,0.0,0.0,279.1088348388672,274.49964752197263,58.90910395869985,-0.006840070477014848,-0.006863570983802831,0.010788240645311864,12.518280029296875,280.4375915527344,283.8843688964844,285.9224548339844,282.8353576660156,278.5893249511719
2025-12-08 00:00:00-05:00,277.86998437615557,279.4085531850005,275.8918244790692,277.6302185058594,38211800,0.0,0.0,279.7482391357422,274.98319549560546,66.45634226392724,-0.0031924534677664207,-0.003197560218945108,0.010742169001831245,6.39404296875,278.5193786621094,280.4375915527344,283.8843688964844,285.9224548339844,282.8353576660156
2025-12-09 00:00:00-05:00,277.8999627322321,279.7682096639769,276.6611317163261,276.9208679199219,32193300,0.0,0.0,279.8741180419922,275.3703323364258,65.04011659992358,-0.0025550193698475887,-0.0025582890023414006,0.010764925045281912,1.2587890625,277.6302185058594,278.5193786621094,280.4375915527344,283.8843688964844,285.9224548339844
2025-12-10 00:00:00-05:00,277.490342786908,279.48847306800184,276.1815698919154,278.5193786621094,33038300,0.0,0.0,280.05494689941406,275.5466674804687,65.55082500580991,0.005772445948890148,0.005755849221286536,0.009740393957657868,1.80828857421875,276.9208679199219,277.6302185058594,278.5193786621094,280.4375915527344,283.8843688964844
2025-12-11 00:00:00-05:00,278.83908758708685,279.3286197507982,273.5540244422053,277.77008056640625,33248000,0.0,0.0,280.1029022216797,275.7744537353516,68.81787484873327,-0.0026902907054526803,-0.0026939160410902646,0.009630493585745333,0.47955322265625,278.5193786621094,276.9208679199219,277.6302185058594,278.5193786621094,280.4375915527344
2025-12-12 00:00:00-05:00,277.64021728323,278.9589906850317,276.5612402656973,278.0198669433594,39532900,0.0,0.0,280.04595642089845,276.04070434570315,62.90388495823861,0.0008992558753764257,0.0008988517870461178,0.009608392775851517,-0.5694580078125,277.77008056640625,278.5193786621094,276.9208679199219,277.6302185058594,278.5193786621094
2025-12-15 00:00:00-05:00,279.8880911943856,279.8880911943856,272.5849275039148,273.8537292480469,50409100,0.0,0.0,279.1477935791016,276.12562408447263,46.525838111654416,-0.014985035929685031,-0.015098445975886323,0.010240748586395053,-8.98162841796875,278.0198669433594,277.77008056640625,278.5193786621094,276.9208679199219,277.6302185058594
2025-12-16 00:00:00-05:00,272.5649667835892,275.2424541197232,271.53593087885605,274.353271484375,37648600,0.0,0.0,277.9908752441406,276.48278961181643,45.37251214355448,0.0018241206270945831,0.0018224589395023538,0.009265956309201464,-11.569183349609375,273.8537292480469,278.0198669433594,277.77008056640625,278.5193786621094,276.9208679199219
2025-12-17 00:00:00-05:00,274.75292651919426,275.90184538512057,271.38608172110213,271.58587646484375,50138700,0.0,0.0,276.7610260009766,276.7025833129883,39.68946497517926,-0.010086976563313366,-0.010138194827446007,0.009611605348167133,-12.298492431640625,274.353271484375,273.8537292480469,278.0198669433594,277.77008056640625,278.5193786621094
2025-12-18 00:00:00-05:00,273.35420232069225,273.374203136776,266.7004552212896,271.935546875,51630700,0.0,0.0,275.91082153320315,276.8839141845703,37.546764389724004,0.0012875132341483297,0.001286685099730744,0.009580584790725826,-8.502044677734375,271.58587646484375,274.353271484375,273.8537292480469,278.0198669433594,277.77008056640625
2025-12-19 00:00:00-05:00,271.8955859651445,274.34330788170604,269.64768928264715,273.4141845703125,144632000,0.0,0.0,275.4003021240234,277.2545684814453,30.329660246942538,0.005437456457254575,0.005422726861126484,0.009374142454415474,-5.105194091796875,271.935546875,271.58587646484375,274.353271484375,273.8537292480469,278.0198669433594
2025-12-22 00:00:00-05:00,272.6048920133635,273.62395794129594,270.25711338978425,270.7166748046875,36571800,0.0,0.0,274.7089477539063,277.22859344482424,17.72703189710228,-0.0098660198257976,-0.009915011500959322,0.008644158530159865,-6.913543701171875,273.4141845703125,271.935546875,271.58587646484375,274.353271484375,273.8537292480469
2025-12-23 00:00:00-05:00,270.5868091030317,272.2452609569047,269.30800689497966,272.1053771972656,29642000,0.0,0.0,274.22739868164064,277.0507583618164,24.291434874352575,0.005129726100470355,0.005116613877828172,0.007854435179922334,-4.81549072265625,270.7166748046875,273.4141845703125,271.935546875,271.58587646484375,274.353271484375
2025-12-24 00:00:00-05:00,272.085389177814,275.17249671786806,271.9455359163183,273.55401611328125,17910600,0.0,0.0,273.7308624267578,276.8929046630859,33.54042705966313,0.0053238158353827725,0.0053096944255422995,0.00790662450119146,-4.965362548828125,272.1053771972656,270.7166748046875,273.4141845703125,271.935546875,271.58587646484375
2025-12-26 00:00:00-05:00,273.9037084592662,275.1125687682936,272.6049054553,273.1444091796875,21521800,0.0,0.0,273.26829528808594,276.6855987548828,36.148376045790656,-0.0014973530252399003,-0.0014984751785940306,0.007884312779032048,-4.62567138671875,273.55401611328125,272.1053771972656,270.7166748046875,273.4141845703125,271.935546875
2025-12-29 00:00:00-05:00,272.4350823114352,274.10350406329195,272.0954038139857,273.50408935546875,23715200,0.0,0.0,272.81671752929685,276.4313369750977,39.068389571370595,0.0013168132449112857,0.0013159470067161956,0.007798252269834163,-4.515777587890625,273.1444091796875,273.55401611328125,272.1053771972656,270.7166748046875,273.4141845703125
2025-12-30 00:00:00-05:00,272.5549704076282,273.82377221524894,272.02546707967076,272.82470703125,22139600,0.0,0.0,272.7138153076172,275.93080444335936,39.13052632601861,-0.002483993295382736,-0.0024870835251959533,0.006813281410852775,-1.029022216796875,273.50408935546875,273.1444091796875,273.55401611328125,272.1053771972656,270.7166748046875
2025-12-31 00:00:00-05:00,272.80472532736104,273.42414083736213,271.49595243002375,271.6058349609375,27293600,0.0,0.0,272.43907165527344,275.21497344970703,31.277159494934637,-0.004467601499789753,-0.004477611054965066,0.006139986716996632,-2.7474365234375,272.82470703125,273.50408935546875,273.1444091796875,273.55401611328125,272.1053771972656
2026-01-02 00:00:00-05:00,272.0054842546519,277.58025431004916,268.7485221479618,270.75665283203125,37838100,0.0,0.0,272.3561492919922,274.5585876464844,31.108860626306992,-0.003126523879828924,-0.003131421666977736,0.006047353813083608,-0.8292236328125,271.6058349609375,272.82470703125,273.50408935546875,273.1444091796875,273.55401611328125
2026-01-05 00:00:00-05:00,270.38700744645297,271.25618925068443,265.89121426121545,267.0101623535156,45647200,0.0,0.0,271.8636108398438,273.88721618652346,25.045376319095126,-0.013837113287258118,-0.013933738517613961,0.006201808020124903,-4.925384521484375,270.75665283203125,271.6058349609375,272.82470703125,273.50408935546875,273.1444091796875
2026-01-06 00:00:00-05:00,266.7503924619391,267.2998660934885,261.8749496989937,262.1147155761719,52352100,0.0,0.0,270.73366394042966,273.0669830322266,24.243848611702575,-0.018334308830022295,-0.018504465279846907,0.007099427684583193,-11.299468994140625,267.0101623535156,270.75665283203125,271.6058349609375,272.82470703125,273.50408935546875
2026-01-07 00:00:00-05:00,262.95395138764474,263.4334831315393,259.56710600115036,260.08660888671875,48309800,0.0,0.0,269.6706573486328,272.1898025512695,20.665637588946197,-0.00773747740562758,-0.007767566996107173,0.007177998551531833,-10.63006591796875,262.1147155761719,267.0101623535156,270.75665283203125,271.6058349609375,272.82470703125
2026-01-08 00:00:00-05:00,256.7797203952787,259.0476178563403,255.46096229095477,258.7978515625,50419300,0.0,0.0,268.33990478515625,271.2836517333984,22.003586422903936,-0.004955108337700187,-0.004967425592754203,0.0071861108832152335,-13.307525634765625,260.08660888671875,262.1147155761719,267.0101623535156,270.75665283203125,271.6058349609375
2026-01-09 00:00:00-05:00,258.8377955175017,259.9667440583015,255.98048371428257,259.1275329589844,39997000,0.0,0.0,266.8972564697266,270.3140594482422,21.935262122470476,0.0012738954148727721,0.0012730846985475868,0.006952010916980636,-14.426483154296875,258.7978515625,260.08660888671875,262.1147155761719,267.0101623535156,270.75665283203125
2026-01-12 00:00:00-05:00,258.9177364764393,261.05572011368304,256.5599267903311,260.0067138671875,45263800,0.0,0.0,265.58348693847654,269.42589111328124,19.829139654982967,0.0033928502238405045,0.0033871074933367975,0.007123875367491903,-13.1376953125,259.1275329589844,258.7978515625,260.08660888671875,262.1147155761719,267.0101623535156
2026-01-13 00:00:00-05:00,258.4781303943212,261.56523797230057,258.148452318208,260.8059387207031,45730800,0.0,0.0,264.313671875,268.56519470214846,25.614490363835955,0.0030738623692765366,0.003069147713342097,0.007207042881431318,-12.698150634765625,260.0067138671875,259.1275329589844,258.7978515625,260.08660888671875,262.1147155761719
2026-01-14 00:00:00-05:00,259.247418118488,261.57525710051715,256.4700180914029,259.71697998046875,40019400,0.0,0.0,263.0028991699219,267.85835723876954,19.0618164635587,-0.0041753602144793955,-0.004184101371076401,0.006658480428295849,-13.10772705078125,260.8059387207031,260.0067138671875,259.1275329589844,258.7978515625,260.08660888671875
2026-01-15 00:00:00-05:00,260.40631875644857,260.7959687899761,256.8096782083212,257.9685974121094,39388600,0.0,0.0,261.63917541503906,267.03912353515625,11.651851618241807,-0.00673187624656213,-0.006754637533752875,0.006632363696506294,-13.637237548828125,259.71697998046875,260.8059387207031,260.0067138671875,259.1275329589844,258.7978515625
2026-01-16 00:00:00-05:00,257.6589020182799,258.6579671912775,254.69167723491495,255.29112243652344,72142800,0.0,0.0,260.0926223754883,266.22438583374026,10.482031314911495,-0.010379073276537754,-0.010433311478838362,0.006648968510380386,-15.465530395507812,257.9685974121094,259.71697998046875,260.8059387207031,260.0067138671875,259.1275329589844
2026-01-20 00:00:00-05:00,252.49373739571587,254.55180921698133,243.19244305608962,246.46937561035156,80267500,0.0,0.0,258.0385437011719,264.9510772705078,6.4670844654244775,-0.03455563492367564,-0.035166801688047915,0.009592337231486553,-20.540786743164062,255.29112243652344,257.9685974121094,259.71697998046875,260.8059387207031,260.0067138671875
2026-01-21 00:00:00-05:00,248.46750904444812,251.3248360900433,244.9507953165175,247.41848754882812,54641700,0.0,0.0,256.5689208984375,263.6512924194336,9.441701077837777,0.003850831106810837,0.003843435636429064,0.009508890556132923,-14.69622802734375,246.46937561035156,255.29112243652344,257.9685974121094,259.71697998046875,260.8059387207031
2026-01-22 00:00:00-05:00,248.96703988447874,250.76536025794266,247.9180183962477,248.1178436279297,39708300,0.0,0.0,255.3720443725586,262.5213508605957,11.871507757181902,0.0028266120532465244,0.002822624697434856,0.00958601564940278,-11.968765258789062,247.41848754882812,246.46937561035156,255.29112243652344,257.9685974121094,259.71697998046875
2026-01-23 00:00:00-05:00,247.08880782235642,249.17685039145397,244.45126111041233,247.80812072753906,41689000,0.0,0.0,254.2730712890625,261.3064880371094,12.083135213467742,-0.001248289505752287,-0.001249069268077672,0.009359043321818129,-10.989730834960938,248.1178436279297,247.41848754882812,246.46937561035156,255.29112243652344,257.9685974121094
2026-01-26 00:00:00-05:00,251.24490015634893,256.32015295784896,249.5664780183616,255.17123413085938,55969200,0.0,0.0,253.87744140625,260.3873489379883,32.52725148474538,0.029712962519965025,0.029280086238765112,0.011952860721046643,-3.956298828125,247.80812072753906,248.1178436279297,247.41848754882812,246.46937561035156,255.29112243652344
2026-01-27 00:00:00-05:00,258.92771692213245,261.70511669708895,257.96859246831417,258.0285339355469,49648300,0.0,0.0,253.67962341308595,259.6315551757813,43.583281336710954,0.011197578028024013,0.011135349261250545,0.012388580944799143,-1.978179931640625,255.17123413085938,247.80812072753906,248.1178436279297,247.41848754882812,246.46937561035156
2026-01-28 00:00:00-05:00,257.409147241713,258.61800761819165,254.27208306792676,256.2002868652344,41288000,0.0,0.0,253.21905822753905,258.76636505126953,43.858580539126606,-0.007085445328186779,-0.007110666301096413,0.012385186200583669,-4.60565185546875,258.0285339355469,255.17123413085938,247.80812072753906,248.1178436279297,247.41848754882812
2026-01-29 00:00:00-05:00,257.75880668092503,259.4072580677027,254.17216647920577,258.0385437011719,67253000,0.0,0.0,253.05121459960938,258.0270568847656,48.82057539197228,0.007175077196164281,0.00714945879943628,0.012600595196776442,-1.678436279296875,256.2002868652344,258.0285339355469,255.17123413085938,247.80812072753906,248.1178436279297
2026-01-30 00:00:00-05:00,254.93144331105526,261.6551472598355,251.94423313215475,259.2374267578125,92443400,0.0,0.0,253.1780975341797,257.40863647460935,50.16620879628091,0.0046461394466286166,0.004635379456155208,0.012697973175734692,1.268829345703125,258.0385437011719,256.2002868652344,258.0285339355469,255.17123413085938,247.80812072753906
2026-02-02 00:00:00-05:00,259.7869174093499,270.2371306501278,258.9676766447768,269.7575988769531,73913400,0.0,0.0,254.62474517822267,257.35868377685546,61.4179111944608,0.04058122413384724,0.039779426403429755,0.015897419073569393,14.466476440429688,259.2374267578125,258.0385437011719,256.2002868652344,258.0285339355469,255.17123413085938
2026-02-03 00:00:00-05:00,268.9483513556569,271.6258386480508,267.3598109321867,269.22808837890625,64394700,0.0,0.0,256.90061645507814,257.469580078125,59.92470262968999,-0.0019629122599374993,-0.0019648412969745957,0.015574476660666088,22.758712768554688,269.7575988769531,259.2374267578125,258.0385437011719,256.2002868652344,258.0285339355469
2026-02-04 00:00:00-05:00,272.03545112075,278.68922850453845,272.03545112075,276.23150634765625,90545700,0.0,0.0,259.78191833496095,258.17541961669923,67.07997745175831,0.026012954335186356,0.0256803727265563,0.015901108471215546,28.813018798828125,269.22808837890625,269.7575988769531,259.2374267578125,258.0385437011719,256.2002868652344
2026-02-05 00:00:00-05:00,277.86999494352693,279.2387093202658,272.97458180817284,275.6520690917969,52977400,0.0,0.0,262.5353408813477,258.9536926269531,68.7421200565383,-0.0020976508564164442,-0.0020998540074744607,0.01575475047823369,27.534225463867188,276.23150634765625,269.22808837890625,269.7575988769531,259.2374267578125,258.0385437011719
2026-02-06 00:00:00-05:00,276.8609202349588,280.6473855638201,276.67109542368036,277.8599853515625,50453400,0.0,0.0,265.54052734375,259.90679931640625,74.16046132279104,0.008009793893585249,0.007977885766246336,0.015675533155847535,30.051864624023438,275.6520690917969,276.23150634765625,269.22808837890625,269.7575988769531,259.2374267578125
2026-02-09 00:00:00-05:00,277.9100036621094,278.20001220703125,271.70001220703125,274.6199951171875,44623400,0.26,0.0,267.4854034423828,260.6814224243164,84.22614707782293,-0.01166051394653178,-0.011729030888589332,0.016042369684337147,19.448760986328125,277.8599853515625,275.6520690917969,276.23150634765625,269.22808837890625,269.7575988769531
2026-02-10 00:00:00-05:00,274.8900146484375,275.3699951171875,272.94000244140625,273.67999267578125,34376900,0.0,0.0,269.05054931640626,261.3650863647461,81.93639419654752,-0.003422920610733904,-0.0034287922059860762,0.016106502716133463,15.651458740234375,274.6199951171875,277.8599853515625,275.6520690917969,276.23150634765625,269.22808837890625
2026-02-11 00:00:00-05:00,274.70001220703125,280.17999267578125,274.45001220703125,275.5,51931300,0.0,0.0,270.9805206298828,262.09978942871095,82.41567758691636,0.0066501292492171515,0.006628114685600525,0.01613084105214986,19.299713134765625,273.67999267578125,274.6199951171875,277.8599853515625,275.6520690917969,276.23150634765625
2026-02-12 00:00:00-05:00,275.5899963378906,275.7200012207031,260.17999267578125,261.7300109863281,81077200,0.0,0.0,271.34966735839845,262.20044097900393,62.498051428053245,-0.049981811301894274,-0.051274148572826785,0.019976807213432826,3.69146728515625,275.5,273.67999267578125,274.6199951171875,277.8599853515625,275.6520690917969
2026-02-13 00:00:00-05:00,262.010009765625,262.2300109863281,255.4499969482422,255.77999877929688,56290700,0.0,0.0,271.00392456054686,262.0910110473633,50.560730850316226,-0.022733396848946263,-0.022995784787441406,0.020595773296709384,-3.457427978515625,261.7300109863281,275.5,273.67999267578125,274.6199951171875,277.8599853515625
2026-02-17 00:00:00-05:00,258.04998779296875,266.2900085449219,255.5399932861328,263.8800048828125,58469100,0.0,0.0,270.4161651611328,262.52045516967775,54.915067240250536,0.031667863563111576,0.03117677762588167,0.021624832293828694,-5.877593994140625,255.77999877929688,261.7300109863281,275.5,273.67999267578125,274.6199951171875
2026-02-18 00:00:00-05:00,263.6000061035156,266.82000732421875,262.45001220703125,264.3500061035156,34203300,0.0,0.0,269.92835693359376,263.41448669433595,57.00537660358986,0.0017811172199722058,0.0017795329116435036,0.019856768212658287,-4.878082275390625,263.8800048828125,255.77999877929688,261.7300109863281,275.5,273.67999267578125
2026-02-19 00:00:00-05:00,262.6000061035156,264.4800109863281,260.04998779296875,260.5799865722656,30845300,0.0,0.0,268.3632049560547,264.0725616455078,52.11436748223766,-0.014261469431454121,-0.0143641415256223,0.020258300970106446,-15.651519775390625,264.3500061035156,263.8800048828125,255.77999877929688,261.7300109863281,275.5
2026-02-20 00:00:00-05:00,258.9700012207031,264.75,258.1600036621094,264.5799865722656,42070500,0.0,0.0,267.25599670410156,264.8956687927246,54.2468353417045,0.015350373037534393,0.015233748038497256,0.020452109642805114,-11.07208251953125,260.5799865722656,264.3500061035156,263.8800048828125,255.77999877929688,261.7300109863281
2026-02-23 00:00:00-05:00,263.489990234375,269.42999267578125,263.3800048828125,266.17999267578125,37308200,0.0,0.0,266.08799743652344,265.8142623901367,46.686193731778175,0.006047343656806037,0.006029131859271349,0.020429578874163457,-11.67999267578125,264.5799865722656,260.5799865722656,264.3500061035156,263.8800048828125,255.77999877929688
2026-02-24 00:00:00-05:00,267.8599853515625,274.8900146484375,267.7099914550781,272.1400146484375,47014600,0.0,0.0,265.8399993896484,266.66270141601564,52.45066967198041,0.022390946489790453,0.022143949447182894,0.020001544297014485,-2.47998046875,266.17999267578125,264.5799865722656,260.5799865722656,264.3500061035156,263.8800048828125
2026-02-25 00:00:00-05:00,271.7799987792969,274.94000244140625,271.04998779296875,274.2300109863281,33714300,0.0,0.0,265.89500122070314,267.4727752685547,48.163678321576505,0.007679856784716499,0.007650516806739749,0.01994489385948063,0.550018310546875,272.1400146484375,266.17999267578125,264.5799865722656,260.5799865722656,264.3500061035156
2026-02-26 00:00:00-05:00,274.95001220703125,276.1099853515625,270.79998779296875,272.95001220703125,32345100,0.0,0.0,265.64000244140624,268.31026153564454,47.55239458469962,-0.004667610137537803,-0.004678537445938535,0.019886260036923536,-2.54998779296875,274.2300109863281,272.1400146484375,266.17999267578125,264.5799865722656,260.5799865722656
2026-02-27 00:00:00-05:00,272.80999755859375,272.80999755859375,262.8900146484375,264.17999267578125,72366500,0.0,0.0,265.88500061035154,268.617333984375,38.924889092251334,-0.03213049693728531,-0.03265801167898957,0.021375829189750097,2.449981689453125,272.95001220703125,274.2300109863281,272.1400146484375,266.17999267578125,264.5799865722656
2026-03-02 00:00:00-05:00,262.4100036621094,266.5299987792969,260.20001220703125,264.7200012207031,41827900,0.0,0.0,266.7790008544922,268.8914627075195,41.618710667856504,0.002044093269336189,0.0020420069532886102,0.021362914261137234,8.94000244140625,264.17999267578125,272.95001220703125,274.2300109863281,272.1400146484375,266.17999267578125
2026-03-03 00:00:00-05:00,263.4800109863281,265.55999755859375,260.1300048828125,263.75,38467800,0.0,0.0,266.76600036621096,268.59108276367186,41.59758173472213,-0.0036642536122324376,-0.0036709834343797076,0.019265107943727555,-0.1300048828125,264.7200012207031,264.17999267578125,272.95001220703125,274.2300109863281,272.1400146484375
2026-03-04 00:00:00-05:00,264.6499938964844,266.1499938964844,261.4200134277344,265.16009521484375,11439474,0.0,0.0,266.8470092773438,268.38768310546874,41.18960990871797,0.005346332568127998,0.005332091667341552,0.01931409665400262,0.810089111328125,263.75,264.7200012207031,264.17999267578125,272.95001220703125,274.2300109863281
